<?xml version="1.0" encoding="UTF-8"?>
<!DOCTYPE log4j:configuration SYSTEM "http://logging.apache.org/log4j/1.2/apidocs/org/apache/log4j/xml/doc-files/log4j.dtd">
<log4j:configuration debug="true">


	<appender name="console" class="org.apache.log4j.ConsoleAppender">
		<param name="Target" value="System.out" />
		<!--level:是日记记录的优先级，优先级由高到低分为 OFF ,FATAL ,ERROR ,WARN ,INFO ,DEBUG ,ALL。 
			Log4j建议只使用FATAL ,ERROR ,WARN ,INFO ,DEBUG这四个级别。 -->
		<param name="Threshold" value="DEBUG" />
		<layout class="org.apache.log4j.PatternLayout">
			<param name="ConversionPattern"
				value="[%-5p] %d{yyyy-MM-dd HH:mm:ss,SSS\} %c{2\} - %m%n" />
		</layout>
	</appender>

	<appender name="file" class="org.apache.log4j.DailyRollingFileAppender">
		<param name="File" value="C:/log4j/test/log.log" />
		<param name="Encoding" value="UTF-8" />
		<param name="DatePattern" value="'.'yyyy-MM-dd'.log'" />
		<!--level:是日记记录的优先级，优先级由高到低分为 OFF ,FATAL ,ERROR ,WARN ,INFO ,DEBUG ,ALL。 
			Log4j建议只使用FATAL ,ERROR ,WARN ,INFO ,DEBUG这四个级别。 -->
		<param name="Threshold" value="ALL" />
		<layout class="org.apache.log4j.PatternLayout">
			<param name="ConversionPattern"
				value="[%-5p] %d{yyyy-MM-dd HH:mm:ss,SSS\} %c{2\} - %m%n" />
		</layout>
	</appender>

	<!-- 根logger的设置 -->
	<root>
		<priority value="debug" />
		<appender-ref ref="console" />
		<appender-ref ref="file" />
	</root>
</log4j:configuration> 