<?xml version="1.0" encoding="UTF-8" ?>
<!DOCTYPE configuration
        PUBLIC "-//mybatis.org//DTD Config 3.0//EN" "http://mybatis.org/dtd/mybatis-3-config.dtd">
<configuration>

    <settings>
        <setting name="logImpl" value="LOG4J"/>
    </settings>

    <typeAliases>
        <package name="pengesoft.workflow" />
    </typeAliases>

    <typeHandlers>
        <typeHandler handler="pengesoft.db.UUIDTypeHandler"/>
        <typeHandler javaType="java.lang.String" handler="pengesoft.mybatis.typeHandlers.EC_StringStringHandler"/>
    </typeHandlers>

</configuration>
