<?xml version="1.0" encoding="UTF-8" ?>
<!DOCTYPE mapper PUBLIC "-//mybatis.org//DTD Mapper 3.0//EN" "http://mybatis.org/dtd/mybatis-3-mapper.dtd">

<!--
    用户信息的MyBatis映射文件.
    作者：向朗.
    创建时间：2019-11-26 14:08:37.
    文件由鹏业软件模型工具生成(模板名称：JavaMyBatisMap),一般不应直接修改此文件.
    Copyright (C) 2008 - 鹏业软件公司
-->

<mapper namespace="com.example.demo2.domain.dao.UserInfoDao">

    <resultMap type="com.example.demo2.domain.UserInfo" id="userInfoResultMap">
        <id property="userId" column="UserId" />
        <result property="userName" column="UserName" />
        <result property="idCard" column="IdCard" />
        <result property="sex" column="Sex" />
        <result property="phone" column="Phone" />
    </resultMap>

    <sql id="userInfoBaseCol">
        t.UserId,t.UserName,t.IdCard,t.Sex,t.Phone
    </sql>

    <sql id="userInfoWhereSql">
        <trim prefix="WHERE" prefixOverrides="and |or ">
            <if test="userId != null">
                <if test="userId == ''">
                    and (t.UserId is null or t.UserId = '')
                </if>
                <if test="userId != ''">
                    and t.UserId like #{userId}
                </if>
            </if>
            <if test="userId_Enum != null">
                and t.UserId in
                <foreach collection="userId_Enum" item="item" open="(" separator="," close=")">#{item}</foreach>
            </if>
            <if test="userName != null">
                <if test="userName == ''">
                    and (t.UserName is null or t.UserName = '')
                </if>
                <if test="userName != ''">
                    and t.UserName like #{userName}
                </if>
            </if>
            <if test="userName_Enum != null">
                and t.UserName in
                <foreach collection="userName_Enum" item="item" open="(" separator="," close=")">#{item}</foreach>
            </if>
            <if test="idCard != null">
                <if test="idCard == ''">
                    and (t.IdCard is null or t.IdCard = '')
                </if>
                <if test="idCard != ''">
                    and t.IdCard like #{idCard}
                </if>
            </if>
            <if test="idCard_Enum != null">
                and t.IdCard in
                <foreach collection="idCard_Enum" item="item" open="(" separator="," close=")">#{item}</foreach>
            </if>
            <if test="sex != null">and t.Sex = #{sex}</if>
            <if test="sex_L != null"><![CDATA[ and t.Sex >= #{sex_L} and t.Sex <= #{sex_H} ]]></if>
            <if test="sex_Enum != null">
                and t.Sex in
                <foreach collection="sex_Enum" item="item" open="(" separator="," close=")">#{item}</foreach>
            </if>
            <if test="phone != null">
                <if test="phone == ''">
                    and (t.Phone is null or t.Phone = '')
                </if>
                <if test="phone != ''">
                    and t.Phone like #{phone}
                </if>
            </if>
            <if test="phone_Enum != null">
                and t.Phone in
                <foreach collection="phone_Enum" item="item" open="(" separator="," close=")">#{item}</foreach>
            </if>
            <if test="_default_mulattr != null">
                and (
                <foreach collection="_default_mulattr" item="item" separator=" or ">
                    <if test="item.name == 'userId'">t.UserId like #{item.value}</if>
                    <if test="item.name == 'userName'">t.UserName like #{item.value}</if>
                    <if test="item.name == 'idCard'">t.IdCard like #{item.value}</if>
                    <if test="item.name == 'sex'">t.Sex = #{item.value}</if>
                    <if test="item.name == 'phone'">t.Phone like #{item.value}</if>
                </foreach>
                )
            </if>
        </trim>
    </sql>

    <sql id="userInfoOrderSql">
        <trim prefix="ORDER BY" suffixOverrides=",">
            <if test="_orderBys != null">
                <foreach collection="_orderBys" item="item" open="" separator="," close="">
                    <if test="item == 'userId'">t.UserId</if>
                    <if test="item == 'userId_D'">t.UserId desc</if>
                    <if test="item == 'userName'">t.UserName</if>
                    <if test="item == 'userName_D'">t.UserName desc</if>
                    <if test="item == 'idCard'">t.IdCard</if>
                    <if test="item == 'idCard_D'">t.IdCard desc</if>
                    <if test="item == 'sex'">t.Sex</if>
                    <if test="item == 'sex_D'">t.Sex desc</if>
                    <if test="item == 'phone'">t.Phone</if>
                    <if test="item == 'phone_D'">t.Phone desc</if>
                </foreach>
            </if>
        </trim>
    </sql>

    <insert id="insertUserInfo" parameterType="com.example.demo2.domain.UserInfo">
        insert into demo_user(
            UserId,
            UserName,
            IdCard,
            Sex,
            Phone
        )values(
            #{userId,jdbcType=VARCHAR},
            #{userName,jdbcType=VARCHAR},
            #{idCard,jdbcType=VARCHAR},
            #{sex,jdbcType=INTEGER},
            #{phone,jdbcType=VARCHAR}
        )
    </insert>

    <update id="updateUserInfo" parameterType="com.example.demo2.domain.UserInfo">
        update demo_user set
            UserName = #{userName,jdbcType=VARCHAR},
            IdCard = #{idCard,jdbcType=VARCHAR},
            Sex = #{sex,jdbcType=INTEGER},
            Phone = #{phone,jdbcType=VARCHAR}
        where UserId=#{userId,jdbcType=VARCHAR}
    </update>

    <delete id="deleteUserInfo" parameterType="com.example.demo2.domain.UserInfo">
        delete from demo_user where UserId=#{userId,jdbcType=VARCHAR}
    </delete>


    <select id="getBaseUserInfo" parameterType="com.example.demo2.domain.UserInfo" resultMap="userInfoResultMap">
        select
        <include refid="userInfoBaseCol" />
        from demo_user t where t.UserId=#{userId,jdbcType=VARCHAR}
    </select>

    <select id="getUserInfo" parameterType="com.example.demo2.domain.UserInfo" resultMap="userInfoResultMap">
        select t.* from demo_user t where t.UserId=#{userId,jdbcType=VARCHAR}
    </select>

    <select id="queryUserInfoCount" parameterType="java.util.Map" resultType="int">
        select count(*) from demo_user t
        <include refid="userInfoWhereSql" />
    </select>

    <select id="queryBaseUserInfoList" parameterType="java.util.Map" resultMap="userInfoResultMap">
        select
        <include refid="userInfoBaseCol" />
        from demo_user t
        <include refid="userInfoWhereSql" />
        <include refid="userInfoOrderSql" />
    </select>

    <select id="queryUserInfoList" parameterType="java.util.Map" resultMap="userInfoResultMap">
        select t.* from demo_user t
        <include refid="userInfoWhereSql" />
        <include refid="userInfoOrderSql" />
    </select>
</mapper>
